{"yello_smoothie": {"x": 0.055734, "y": 0.191553, "z": 0.056014}, "coca_cola": {"x": 0.067946, "y": 0.118609, "z": 0.06611800000000001}, "alive": {"x": 0.073096, "y": 0.177254, "z": 0.072295}, "yello_peach": {"x": 0.076926, "y": 0.115294, "z": 0.07558100000000001}, "cyder": {"x": 0.053914000000000004, "y": 0.131523, "z": 0.053314}, "green_tea": {"x": 0.069169, "y": 0.22655599999999998, "z": 0.068494}}