{"mug_black": {"x": 0.08325, "y": 0.08271, "z": 0.122857}, "mug_yello": {"x": 0.077417, "y": 0.09, "z": 0.101796}, "cup_sky": {"x": 0.072, "y": 0.09, "z": 0.072}, "cyder": {"x": 0.053914000000000004, "y": 0.131523, "z": 0.053314}, "cup_blue": {"x": 0.06522800000000001, "y": 0.074946, "z": 0.065229}, "coca_cola": {"x": 0.067946, "y": 0.118609, "z": 0.06611800000000001}, "yello_smoothie": {"x": 0.055734, "y": 0.191553, "z": 0.056014}, "cup_white": {"x": 0.063, "y": 0.09, "z": 0.063}, "green_tea": {"x": 0.069169, "y": 0.22655599999999998, "z": 0.068494}, "alive": {"x": 0.073096, "y": 0.177254, "z": 0.072295}, "yello_peach": {"x": 0.076926, "y": 0.115294, "z": 0.07558100000000001}, "mug_gray": {"x": 0.081, "y": 0.09, "z": 0.107874}}