{"yello_smoothie": {"x": 0.055734, "y": 0.056014, "z": 0.191553}, "coca_cola": {"x": 0.067946, "y": 0.06611800000000001, "z": 0.118609}, "alive": {"x": 0.073096, "y": 0.072295, "z": 0.177254}, "yello_peach": {"x": 0.076926, "y": 0.07558100000000001, "z": 0.115294}, "cyder": {"x": 0.053914000000000004, "y": 0.053314, "z": 0.131523}, "green_tea": {"x": 0.069169, "y": 0.068494, "z": 0.22655599999999998}}